CREATE TABLE TREN(
	id INT PRIMARY KEY,
	serie VARCHAR2(10),
	capacidad VARCHAR2(20) NOT NULL
);

CREATE TABLE PAIS(
	id INT PRIMARY KEY,
	nombre VARCHAR2(50)
);

CREATE TABLE PASAJERO(
	id INT PRIMARY KEY,
	nombre VARCHAR2(50)NOT NULL,
	identificacion VARCHAR2(64) NOT NULL,
	fecha_nacimiento DATE NULL,
	email VARCHAR2(50) NOT NULL,
	clave VARCHAR2(32) NOT NULL,
	id_pais INT NOT NULL,
	puntos_viajero_frecuente INT NULL
);

CREATE TABLE ESTACION (
	id INT PRIMARY KEY,
	nombre VARCHAR2(50) NOT NULL,
	id_pais INT NOT NULL
);

CREATE TABLE VIAJE (
	id INT PRIMARY KEY,
	id_estacion_origen INT NOT NULL,
	id_estacion_destino INT NOT NULL,
	fecha_salida TIMESTAMP,
	fecha_llegada TIMESTAMP,
	id_tren INT NOT NULL,
	costo_base FLOAT
);

CREATE TABLE CLASE(
	id INT PRIMARY KEY,
	clase VARCHAR2(15)
);

CREATE TABLE RESERVA (
	id INT PRIMARY KEY,
	costo FLOAT NOT NULL,
	fecha_reserva DATE NOT NULL,
	id_pasajero INT NOT NULL,
	id_viaje INT NOT NULL,
	id_clase INT NOT NULL
);

CREATE TABLE SERVICIO (
	id INT PRIMARY KEY,
	nombre VARCHAR2(50) NOT NULL, 
	precio FLOAT NOT NULL
);

CREATE TABLE EXTRA (
	id_servicio INT NOT NULL,
	id_reserva INT NOT NULL,
    cantidad INT NOT NULL
);



-- Primary/Foreign Key section.
-- PK Definition 
ALTER TABLE EXTRA ADD PRIMARY KEY (id_servicio, id_reserva);
-- FK Detinition
-- SERVICIO -> EXTRA
ALTER TABLE EXTRA ADD FOREIGN KEY (id_servicio) REFERENCES SERVICIO(id);
-- RESERVA -> EXTRA
ALTER TABLE EXTRA ADD FOREIGN KEY (id_reserva) REFERENCES RESERVA(id);
-- TREN -> VIAJE
ALTER TABLE VIAJE ADD FOREIGN KEY (id_tren) REFERENCES TREN(id);
-- PAIS -> PASAJERO
ALTER TABLE PASAJERO ADD FOREIGN KEY (id_pais) REFERENCES PAIS(id);
-- PAIS -> ESTACION
ALTER TABLE ESTACION ADD FOREIGN KEY (id_pais) REFERENCES PAIS(id);
-- ESTACION -> VIAJE
ALTER TABLE VIAJE ADD FOREIGN KEY (id_estacion_origen) REFERENCES ESTACION (id);
ALTER TABLE VIAJE ADD FOREIGN KEY (id_estacion_destino) REFERENCES ESTACION (id);
-- PASAJERO -> RESERVA
ALTER TABLE RESERVA ADD FOREIGN KEY (id_pasajero) REFERENCES PASAJERO (id);
-- VIAJE -> RESERVA
ALTER TABLE RESERVA ADD FOREIGN KEY (id_viaje) REFERENCES VIAJE(id);
-- CLASE -> RESERVA
ALTER TABLE RESERVA ADD FOREIGN KEY (id_clase) REFERENCES CLASE(id);

INSERT INTO TREN VALUES(1, 'T100', '150 pasajeros');
INSERT INTO TREN VALUES(2, 'T200', '200 pasajeros');
INSERT INTO TREN VALUES(3, 'T300', '180 pasajeros');
INSERT INTO TREN VALUES(4, 'T400', '220 pasajeros');
INSERT INTO TREN VALUES(5, 'T500', '160 pasajeros');
INSERT INTO TREN VALUES(6, 'T600', '250 pasajeros');
INSERT INTO TREN VALUES(7, 'T700', '140 pasajeros');
INSERT INTO TREN VALUES(8, 'T800', '190 pasajeros');
INSERT INTO TREN VALUES(9, 'T900', '210 pasajeros');
INSERT INTO TREN VALUES(10, 'T1000', '170 pasajeros');


INSERT INTO PAIS VALUES(1,'M xico');
INSERT INTO PAIS VALUES(2,'Belice');
INSERT INTO PAIS VALUES(3,'Costa Rica');
INSERT INTO PAIS VALUES(4,'El Salvador');
INSERT INTO PAIS VALUES(5,'Guatemala');
INSERT INTO PAIS VALUES(6,'Honduras');
INSERT INTO PAIS VALUES(7,'Nicaragua');
INSERT INTO PAIS VALUES(8,'Panam ');
INSERT INTO PAIS VALUES(9,'Argentina');
INSERT INTO PAIS VALUES(10,'Bolivia');
INSERT INTO PAIS VALUES(11,'Brasil');
INSERT INTO PAIS VALUES(12,'Chile');
INSERT INTO PAIS VALUES(13,'Colombia');
INSERT INTO PAIS VALUES(14,'Ecuador');
INSERT INTO PAIS VALUES(15,'Guyana');
INSERT INTO PAIS VALUES(16,'Guyana Francesa');
INSERT INTO PAIS VALUES(17,'Paraguay');
INSERT INTO PAIS VALUES(18,'Per ');
INSERT INTO PAIS VALUES(19,'Suriname');
INSERT INTO PAIS VALUES(20,'Uruguay');
INSERT INTO PAIS VALUES(21,'Venezuela');


INSERT INTO CLASE VALUES(1,'Económica');
INSERT INTO CLASE VALUES(2,'Ejecutiva');
INSERT INTO CLASE VALUES(3,'Primera clase');

INSERT INTO SERVICIO VALUES(1,'Wifi',5.12);
INSERT INTO SERVICIO VALUES(2,'Entretenimiento',12.65);
INSERT INTO SERVICIO VALUES(3,'Perros de asistencia',80.82);
INSERT INTO SERVICIO VALUES(4,'Mascotas de apoyo emocional',82.00);
INSERT INTO SERVICIO VALUES(5,'Seguro anti-robos',14.31);
INSERT INTO SERVICIO VALUES(6,'Equipaje deportivo',68.85);
INSERT INTO SERVICIO VALUES(7,'Servicio de cunas para beb s',35.19);
INSERT INTO SERVICIO VALUES(8,'Equipaje adicional - 1 pieza',77.37);
INSERT INTO SERVICIO VALUES(9,'Silla de ruedas',135.72);
INSERT INTO SERVICIO VALUES(10,'Bebidas',213.64);

INSERT INTO ESTACION VALUES(1,'El Valle',15);
INSERT INTO ESTACION VALUES(2,'Oranjestad',11);
INSERT INTO ESTACION VALUES(3,'Hamilton',8);
INSERT INTO ESTACION VALUES(4,'Kralendijk',9);
INSERT INTO ESTACION VALUES(5,'Willemstad',13);
INSERT INTO ESTACION VALUES(6,'Nuuk',10);
INSERT INTO ESTACION VALUES(7,'Basse-Terre',2);
INSERT INTO ESTACION VALUES(8,'Cayena',9);
INSERT INTO ESTACION VALUES(9,'George Town',15);
INSERT INTO ESTACION VALUES(10,'King Edward Point',15);
INSERT INTO ESTACION VALUES(11,'Puerto Argentino',7);
INSERT INTO ESTACION VALUES(12,'Mountainburn Town',16);
INSERT INTO ESTACION VALUES(13,'Road Town',13);
INSERT INTO ESTACION VALUES(14,'Carlota Amalia',7);
INSERT INTO ESTACION VALUES(15,'Brades',9);
INSERT INTO ESTACION VALUES(16,'San Juan',4);
INSERT INTO ESTACION VALUES(17,'The Bottom',7);
INSERT INTO ESTACION VALUES(18,'Gustavia',4);
INSERT INTO ESTACION VALUES(19,'Oranjestad',5);
INSERT INTO ESTACION VALUES(20,'San Pedro',10);

INSERT INTO PASAJERO VALUES(1, 'Diana Quicedo Saz', 'F22666502', TO_DATE('2013-09-17', 'YYYY-MM-DD'), 'pede.Cras.vulputate@enim.ca', '9e1921af7abbbe40245319a98c17de2f', 19, 0);
INSERT INTO PASAJERO VALUES(2, 'Aroa Paba Araso', 'W64379994', TO_DATE('2003-03-26', 'YYYY-MM-DD'), 'et.malesuada.fames@maurisut.com', '82b5931d5c88b48bb4897ead16acbdf6', 15, 0);
INSERT INTO PASAJERO VALUES(3, 'Silvestre Reguero Casar', 'M45023066', TO_DATE('2009-06-10', 'YYYY-MM-DD'), 'sed.hendrerit.a@posuereat.org', '0942376afcfe0ed5882b1db616492a38', 17, 0);
INSERT INTO PASAJERO VALUES(4, 'Deyanira Escudero Cevallos', 'J89452605', TO_DATE('1997-12-02', 'YYYY-MM-DD'), 'arcu@mollisDuis.net', '2520bb35e23edba0c05089e04046d5d6', 17, 0);
INSERT INTO PASAJERO VALUES(5, 'Edurne Copeiro Pino', 'C18171071', TO_DATE('1992-08-30', 'YYYY-MM-DD'), 'ligula.eu.enim@Cras.edu', 'ec9f98fb8424cdf996283a2a5ca79394', 12, 0);
INSERT INTO PASAJERO VALUES(6, 'Karla Villoldo Broz', 'M41158032', TO_DATE('2007-12-15', 'YYYY-MM-DD'), 'neque@nectempusscelerisque.edu', 'b38264c67d68b663532189b19911295b', 1, 0);
INSERT INTO PASAJERO VALUES(7, 'Jerson Estefania Carnicero', 'D38206880', TO_DATE('1994-08-15', 'YYYY-MM-DD'), 'nisl.Maecenas@dignissim.co.uk', 'd3f88e23b970b92b1e76639a7af3c041', 12, 0);
INSERT INTO PASAJERO VALUES(8, 'Nayrobis Marin Chillon', 'Q31410431', TO_DATE('1987-10-28', 'YYYY-MM-DD'), 'tincidunt.congue@accumsan.com', 'eccea7aa3ea3e857d6e33a4b10e28dad', 8, 0);
INSERT INTO PASAJERO VALUES(9, 'Mal  Caceres Porta', 'F97327921', TO_DATE('2010-11-27', 'YYYY-MM-DD'), 'varius.et@magna.net', 'fd13b46f68917641e278bf5a9902feeb', 13, 0);
INSERT INTO PASAJERO VALUES(10, 'Elgar Gimilio Ahedo', 'V33850052', TO_DATE('2003-02-22', 'YYYY-MM-DD'), 'in.felis.Nulla@odiosagittissemper.ca', 'c8afc3d97dd1b797e4fcd8921f322a7c', 14, 0);
INSERT INTO PASAJERO VALUES(11, 'Heraclio Pando Molinuevo', 'G98062982', TO_DATE('1999-01-09', 'YYYY-MM-DD'), 'commodo@magnatellus.org', '9c38861ee824dd83ed04cb8f6e16ed1f', 8, 0);
INSERT INTO PASAJERO VALUES(12, 'Inocencio Labandera Martino', 'M97961271', TO_DATE('1996-09-08', 'YYYY-MM-DD'), 'odio.a.purus@tellus.net', '692aca68ca1f45cc2a97dbbe81693604', 12, 0);
INSERT INTO PASAJERO VALUES(13, 'Traudel Arroniz Lozares', 'B90554618', TO_DATE('1999-03-26', 'YYYY-MM-DD'), 'viverra.Donec@quamdignissim.com', '4ada9a525b729aed64995735e05a478c', 4, 0);
INSERT INTO PASAJERO VALUES(14, 'Vanessa Valderrabano Casuso', 'I29401292', TO_DATE('2001-05-31', 'YYYY-MM-DD'), 'fringilla@pedeCras.org', '8923f9459c941ca2c488e85420fa21a1', 1, 0);
INSERT INTO PASAJERO VALUES(15, 'Tivisay Viguera Vizcaya', 'P48982049', TO_DATE('2011-01-16', 'YYYY-MM-DD'), 'faucibus@ut.org', 'bfea7c37b5e9f096ce5f8136b3aec335', 3, 0);
INSERT INTO PASAJERO VALUES(16, 'Nereida Cela Geli', 'J73144950', TO_DATE('2017-04-04', 'YYYY-MM-DD'), 'nisi.Mauris.nulla@tinciduntnuncac.com', '4e9bb4dcec5448e148e4d8d0a7803743', 6, 0);
INSERT INTO PASAJERO VALUES(17, 'Adam Arregui Bulnes', 'X15177440', TO_DATE('1993-12-22', 'YYYY-MM-DD'), 'eu.tempor@temporeratneque.edu', 'fdaf122d863bd094c2a1b67b1751fbf3', 16, 0);
INSERT INTO PASAJERO VALUES(18, 'Ofelia Portela Ordo ez', 'M77644702', TO_DATE('2012-04-30', 'YYYY-MM-DD'), 'lacus.varius.et@sem.com', 'b8b13158eeee2593353f9c94456303c2', 21, 0);
INSERT INTO PASAJERO VALUES(19, 'Osviel Sandin Larena', 'A36067511', TO_DATE('1998-03-09', 'YYYY-MM-DD'), 'neque.sed.dictum@hendrerit.net', '24293fcbea7994b5b00f3d9af7071e26', 1, 0);
INSERT INTO PASAJERO VALUES(20, 'Alejandro Villacorta Villajane', 'J23748131', TO_DATE('2008-05-21', 'YYYY-MM-DD'), 'consequat@lacinia.co.uk', '92ba4718a6858d2a6edb78fa92bf9d9c', 3, 0);
INSERT INTO PASAJERO VALUES(21, 'Eyvar Bolide Ugartondo', 'W25937053', TO_DATE('1996-08-17', 'YYYY-MM-DD'), 'purus.Duis.elementum@Donecnibh.ca', 'b19ca71575cc114d28d693f455e3978a', 13, 0);
INSERT INTO PASAJERO VALUES(22, 'Ilona Guitian Bayona', 'L89758130', TO_DATE('2006-10-27', 'YYYY-MM-DD'), 'nec@sodaleseliterat.co.uk', 'e295433f6b036b444d06492ebd4dc1a4', 9, 0);
INSERT INTO PASAJERO VALUES(23, 'Marbella Villafranca Descapa', 'C94468356', TO_DATE('1991-10-20', 'YYYY-MM-DD'), 'Donec.elementum@in.net', '9b1ec9eb0ffe775bcc7c48d1ffff8b20', 9, 0);
INSERT INTO PASAJERO VALUES(24, 'Yolanda Aspurua Grande', 'E95366095', TO_DATE('2001-12-14', 'YYYY-MM-DD'), 'imperdiet.dictum.magna@erat.net', 'ff85269bb8fc226ae338a700860f2229', 3, 0);
INSERT INTO PASAJERO VALUES(25, 'Aixa Mina Astulez', 'S44857094', TO_DATE('1999-09-19', 'YYYY-MM-DD'), 'Sed.diam@pedeNunc.org', 'e161a2ca8f12b3d4cfeae5fd436975fd', 12, 0);
INSERT INTO PASAJERO VALUES(26, 'Adriel Cambas Vinegra', 'T37043896', TO_DATE('1997-01-31', 'YYYY-MM-DD'), 'neque@variuseteuismod.net', '189976a430063dfc4a0f23eb404b1d44', 17, 0);
INSERT INTO PASAJERO VALUES(27, 'Jorge Platas Obieso', 'S72984029', TO_DATE('1988-11-10', 'YYYY-MM-DD'), 'quam.a@elitpharetraut.ca', '63a48265c6aa143270e87cfaed19dea3', 4, 0);
INSERT INTO PASAJERO VALUES(28, 'Aique Frera Gorbin', 'I30147972', TO_DATE('2007-02-04', 'YYYY-MM-DD'), 'lacinia@Innecorci.edu', '05a0d70496848afc7a63f7f6acaf4afc', 2, 0);
INSERT INTO PASAJERO VALUES(29, 'Samuel Daza Astera', 'I75565284', TO_DATE('2015-10-31', 'YYYY-MM-DD'), 'pharetra@pede.com', '8693680adb405cb8c86ba5c4532aac74', 11, 0);
INSERT INTO PASAJERO VALUES(30, 'Nicolette Delgado Rabanera', 'X41076135', TO_DATE('1994-05-07', 'YYYY-MM-DD'), 'sociis@sagittis.edu', '2bd49a54b0facf1da4050dac71d3141c', 10, 0);



INSERT INTO VIAJE VALUES(1, 17, 6, TO_TIMESTAMP('2023-05-01 07:23:00', 'YYYY-MM-DD HH24:MI:SS'), TO_TIMESTAMP('2023-05-02 00:00:00', 'YYYY-MM-DD HH24:MI:SS'), 7,29.99);
INSERT INTO VIAJE VALUES(2, 11, 20, TO_TIMESTAMP('2023-05-01 01:36:00', 'YYYY-MM-DD HH24:MI:SS'), TO_TIMESTAMP('2023-05-02 23:00:00', 'YYYY-MM-DD HH24:MI:SS'), 8,49.99);
INSERT INTO VIAJE VALUES(3, 1, 4, TO_TIMESTAMP('2023-05-03 17:27:00', 'YYYY-MM-DD HH24:MI:SS'), TO_TIMESTAMP('2023-05-03 23:00:00', 'YYYY-MM-DD HH24:MI:SS'), 3,29.99);
INSERT INTO VIAJE VALUES(4, 15, 14, TO_TIMESTAMP('2023-05-03 22:36:00', 'YYYY-MM-DD HH24:MI:SS'), TO_TIMESTAMP('2023-05-03 01:00:00', 'YYYY-MM-DD HH24:MI:SS'), 9,49.99);
INSERT INTO VIAJE VALUES(5, 11, 13, TO_TIMESTAMP('2023-05-04 02:12:00', 'YYYY-MM-DD HH24:MI:SS'), TO_TIMESTAMP('2023-05-05 18:00:00', 'YYYY-MM-DD HH24:MI:SS'), 7,49.99);
INSERT INTO VIAJE VALUES(6, 11, 14, TO_TIMESTAMP('2023-05-04 13:03:00', 'YYYY-MM-DD HH24:MI:SS'), TO_TIMESTAMP('2023-05-04 17:00:00', 'YYYY-MM-DD HH24:MI:SS'), 2,49.99);
INSERT INTO VIAJE VALUES(7, 13, 4, TO_TIMESTAMP('2023-05-04 17:40:00', 'YYYY-MM-DD HH24:MI:SS'), TO_TIMESTAMP('2023-05-04 16:00:00', 'YYYY-MM-DD HH24:MI:SS'), 6,49.99);
INSERT INTO VIAJE VALUES(8, 10, 4, TO_TIMESTAMP('2023-05-04 05:18:00', 'YYYY-MM-DD HH24:MI:SS'), TO_TIMESTAMP('2023-05-04 04:00:00', 'YYYY-MM-DD HH24:MI:SS'), 5,49.99);
INSERT INTO VIAJE VALUES(9, 9, 14, TO_TIMESTAMP('2023-05-06 21:00:00', 'YYYY-MM-DD HH24:MI:SS'), TO_TIMESTAMP('2023-05-07 23:00:00', 'YYYY-MM-DD HH24:MI:SS'), 7,29.99);
INSERT INTO VIAJE VALUES(10, 17, 16, TO_TIMESTAMP('2023-05-07 00:35:00', 'YYYY-MM-DD HH24:MI:SS'), TO_TIMESTAMP('2023-05-07 03:00:00', 'YYYY-MM-DD HH24:MI:SS'), 3,69.99);
INSERT INTO VIAJE VALUES(11, 5, 1, TO_TIMESTAMP('2023-05-07 10:53:00', 'YYYY-MM-DD HH24:MI:SS'), TO_TIMESTAMP('2023-05-08 09:00:00', 'YYYY-MM-DD HH24:MI:SS'), 6,15.99);
INSERT INTO VIAJE VALUES(12, 16, 18, TO_TIMESTAMP('2023-05-08 13:56:00', 'YYYY-MM-DD HH24:MI:SS'), TO_TIMESTAMP('2023-05-08 12:00:00', 'YYYY-MM-DD HH24:MI:SS'), 10,49.99);
INSERT INTO VIAJE VALUES(13, 18, 19, TO_TIMESTAMP('2023-05-09 06:12:00', 'YYYY-MM-DD HH24:MI:SS'), TO_TIMESTAMP('2023-05-10 10:00:00', 'YYYY-MM-DD HH24:MI:SS'), 8,49.99);
INSERT INTO VIAJE VALUES(14, 17, 10, TO_TIMESTAMP('2023-05-09 21:22:00', 'YYYY-MM-DD HH24:MI:SS'), TO_TIMESTAMP('2023-05-10 20:00:00', 'YYYY-MM-DD HH24:MI:SS'), 10,49.99);
INSERT INTO VIAJE VALUES(15, 10, 6, TO_TIMESTAMP('2023-05-10 10:10:00', 'YYYY-MM-DD HH24:MI:SS'), TO_TIMESTAMP('2023-05-11 22:00:00', 'YYYY-MM-DD HH24:MI:SS'), 8,15.99);
INSERT INTO VIAJE VALUES(16, 9, 5, TO_TIMESTAMP('2023-05-10 11:36:00', 'YYYY-MM-DD HH24:MI:SS'), TO_TIMESTAMP('2023-05-10 05:00:00', 'YYYY-MM-DD HH24:MI:SS'), 1,15.99);
INSERT INTO VIAJE VALUES(17, 16, 17, TO_TIMESTAMP('2023-05-11 10:34:00', 'YYYY-MM-DD HH24:MI:SS'), TO_TIMESTAMP('2023-05-11 18:00:00', 'YYYY-MM-DD HH24:MI:SS'), 6,49.99);
INSERT INTO VIAJE VALUES(18, 15, 6, TO_TIMESTAMP('2023-05-12 16:12:00', 'YYYY-MM-DD HH24:MI:SS'), TO_TIMESTAMP('2023-05-13 05:00:00', 'YYYY-MM-DD HH24:MI:SS'), 6,15.99);
INSERT INTO VIAJE VALUES(19, 8, 3, TO_TIMESTAMP('2023-05-12 00:56:00', 'YYYY-MM-DD HH24:MI:SS'), TO_TIMESTAMP('2023-05-13 21:00:00', 'YYYY-MM-DD HH24:MI:SS'), 9,29.99);
INSERT INTO VIAJE VALUES(20, 20, 9, TO_TIMESTAMP('2023-05-12 17:58:00', 'YYYY-MM-DD HH24:MI:SS'), TO_TIMESTAMP('2023-05-13 13:00:00', 'YYYY-MM-DD HH24:MI:SS'), 8,69.99);
INSERT INTO VIAJE VALUES(21, 20, 6, TO_TIMESTAMP('2023-05-14 07:47:00', 'YYYY-MM-DD HH24:MI:SS'), TO_TIMESTAMP('2023-05-15 22:00:00', 'YYYY-MM-DD HH24:MI:SS'), 9,49.99);
INSERT INTO VIAJE VALUES(22, 12, 8, TO_TIMESTAMP('2023-05-14 19:34:00', 'YYYY-MM-DD HH24:MI:SS'), TO_TIMESTAMP('2023-05-14 23:00:00', 'YYYY-MM-DD HH24:MI:SS'), 7,15.99);
INSERT INTO VIAJE VALUES(23, 15, 2, TO_TIMESTAMP('2023-05-14 22:57:00', 'YYYY-MM-DD HH24:MI:SS'), TO_TIMESTAMP('2023-05-15 02:00:00', 'YYYY-MM-DD HH24:MI:SS'), 1,29.99);
INSERT INTO VIAJE VALUES(24, 10, 13, TO_TIMESTAMP('2023-05-15 18:57:00', 'YYYY-MM-DD HH24:MI:SS'), TO_TIMESTAMP('2023-05-15 21:00:00', 'YYYY-MM-DD HH24:MI:SS'), 3,29.99);
INSERT INTO VIAJE VALUES(25, 17, 15, TO_TIMESTAMP('2023-05-15 21:25:00', 'YYYY-MM-DD HH24:MI:SS'), TO_TIMESTAMP('2023-05-15 13:00:00', 'YYYY-MM-DD HH24:MI:SS'), 10,29.99);


INSERT INTO RESERVA VALUES(1, 59.75, TO_DATE('2023-04-01', 'YYYY-MM-DD'), 8, 23, 1);
INSERT INTO RESERVA VALUES(2, 89.45, TO_DATE('2023-04-01', 'YYYY-MM-DD'), 30, 15, 2);
INSERT INTO RESERVA VALUES(3, 72.88, TO_DATE('2023-04-02', 'YYYY-MM-DD'), 10, 3, 1);
INSERT INTO RESERVA VALUES(4, 63.22, TO_DATE('2023-04-02', 'YYYY-MM-DD'), 24, 9, 2);
INSERT INTO RESERVA VALUES(5, 95.13, TO_DATE('2023-04-02', 'YYYY-MM-DD'), 13, 24, 3);
INSERT INTO RESERVA VALUES(6, 84.54, TO_DATE('2023-04-02', 'YYYY-MM-DD'), 17, 1, 1);
INSERT INTO RESERVA VALUES(7, 66.77, TO_DATE('2023-04-02', 'YYYY-MM-DD'), 14, 10, 3);
INSERT INTO RESERVA VALUES(8, 98.92, TO_DATE('2023-04-02', 'YYYY-MM-DD'), 1, 4, 1);
INSERT INTO RESERVA VALUES(9, 75.64, TO_DATE('2023-04-02', 'YYYY-MM-DD'), 23, 3, 3);
INSERT INTO RESERVA VALUES(10, 54.13, TO_DATE('2023-04-02', 'YYYY-MM-DD'), 16, 19, 3);
INSERT INTO RESERVA VALUES(11, 67.58, TO_DATE('2023-04-02', 'YYYY-MM-DD'), 12, 13, 3);
INSERT INTO RESERVA VALUES(12, 81.99, TO_DATE('2023-04-02', 'YYYY-MM-DD'), 1, 9, 1);
INSERT INTO RESERVA VALUES(13, 92.31, TO_DATE('2023-04-03', 'YYYY-MM-DD'), 14, 12, 1);
INSERT INTO RESERVA VALUES(14, 67.22, TO_DATE('2023-04-03', 'YYYY-MM-DD'), 4, 15, 2);
INSERT INTO RESERVA VALUES(15, 87.47, TO_DATE('2023-04-04', 'YYYY-MM-DD'), 23, 2, 2);
INSERT INTO RESERVA VALUES(16, 53.56, TO_DATE('2023-04-04', 'YYYY-MM-DD'), 15, 6, 1);
INSERT INTO RESERVA VALUES(17, 94.29, TO_DATE('2023-04-04', 'YYYY-MM-DD'), 17, 7, 1);
INSERT INTO RESERVA VALUES(18, 56.71, TO_DATE('2023-04-04', 'YYYY-MM-DD'), 3, 18, 2);
INSERT INTO RESERVA VALUES(19, 85.49, TO_DATE('2023-04-04', 'YYYY-MM-DD'), 19, 15, 2);
INSERT INTO RESERVA VALUES(20, 78.12, TO_DATE('2023-04-05', 'YYYY-MM-DD'), 2, 14, 3);
INSERT INTO RESERVA VALUES(21, 60.23, TO_DATE('2023-04-05', 'YYYY-MM-DD'), 26, 2, 2);
INSERT INTO RESERVA VALUES(22, 56.99, TO_DATE('2023-04-05', 'YYYY-MM-DD'), 1, 13, 1);
INSERT INTO RESERVA VALUES(23, 98.61, TO_DATE('2023-04-05', 'YYYY-MM-DD'), 22, 8, 1);
INSERT INTO RESERVA VALUES(24, 75.88, TO_DATE('2023-04-05', 'YYYY-MM-DD'), 2, 2, 1);
INSERT INTO RESERVA VALUES(25, 84.55, TO_DATE('2023-04-05', 'YYYY-MM-DD'), 18, 23, 3);
INSERT INTO RESERVA VALUES(26, 67.94, TO_DATE('2023-04-06', 'YYYY-MM-DD'), 28, 22, 1);
INSERT INTO RESERVA VALUES(27, 59.83, TO_DATE('2023-04-06', 'YYYY-MM-DD'), 25, 23, 3);
INSERT INTO RESERVA VALUES(28, 76.92, TO_DATE('2023-04-06', 'YYYY-MM-DD'), 21, 6, 1);
INSERT INTO RESERVA VALUES(29, 92.71, TO_DATE('2023-04-06', 'YYYY-MM-DD'), 11, 13, 3);
INSERT INTO RESERVA VALUES(30, 88.13, TO_DATE('2023-04-06', 'YYYY-MM-DD'), 16, 12, 1);
INSERT INTO RESERVA VALUES(31, 61.89, TO_DATE('2023-04-06', 'YYYY-MM-DD'), 25, 11, 2);
INSERT INTO RESERVA VALUES(32, 80.23, TO_DATE('2023-04-06', 'YYYY-MM-DD'), 1, 13, 3);
INSERT INTO RESERVA VALUES(33, 95.74, TO_DATE('2023-04-06', 'YYYY-MM-DD'), 30, 15, 3);
INSERT INTO RESERVA VALUES(34, 68.91, TO_DATE('2023-04-07', 'YYYY-MM-DD'), 7, 8, 3);
INSERT INTO RESERVA VALUES(35, 77.82, TO_DATE('2023-04-07', 'YYYY-MM-DD'), 16, 16, 2);
INSERT INTO RESERVA VALUES(36, 54.24, TO_DATE('2023-04-07', 'YYYY-MM-DD'), 14, 7, 1);
INSERT INTO RESERVA VALUES(37, 95.67, TO_DATE('2023-04-07', 'YYYY-MM-DD'), 20, 6, 2);
INSERT INTO RESERVA VALUES(38, 65.33, TO_DATE('2023-04-07', 'YYYY-MM-DD'), 15, 11, 2);
INSERT INTO RESERVA VALUES(39, 89.11, TO_DATE('2023-04-07', 'YYYY-MM-DD'), 26, 24, 3);
INSERT INTO RESERVA VALUES(40, 60.52, TO_DATE('2023-04-07', 'YYYY-MM-DD'), 3, 13, 1);
INSERT INTO RESERVA VALUES(41, 90.73, TO_DATE('2023-04-08', 'YYYY-MM-DD'), 13, 21, 1);
INSERT INTO RESERVA VALUES(42, 53.49, TO_DATE('2023-04-08', 'YYYY-MM-DD'), 8, 18, 3);
INSERT INTO RESERVA VALUES(43, 67.92, TO_DATE('2023-04-08', 'YYYY-MM-DD'), 6, 8, 3);
INSERT INTO RESERVA VALUES(44, 57.77, TO_DATE('2023-04-09', 'YYYY-MM-DD'), 4, 25, 2);
INSERT INTO RESERVA VALUES(45, 65.88, TO_DATE('2023-04-09', 'YYYY-MM-DD'), 18, 19, 3);
INSERT INTO RESERVA VALUES(46, 75.92, TO_DATE('2023-04-09', 'YYYY-MM-DD'), 16, 25, 1);
INSERT INTO RESERVA VALUES(47, 99.56, TO_DATE('2023-04-09', 'YYYY-MM-DD'), 27, 16, 2);
INSERT INTO RESERVA VALUES(48, 81.43, TO_DATE('2023-04-09', 'YYYY-MM-DD'), 30, 20, 2);
INSERT INTO RESERVA VALUES(49, 87.95, TO_DATE('2023-04-10', 'YYYY-MM-DD'), 26, 10, 1);
INSERT INTO RESERVA VALUES(50, 61.77, TO_DATE('2023-04-10', 'YYYY-MM-DD'), 25, 18, 2);
INSERT INTO RESERVA VALUES(51, 94.84, TO_DATE('2023-04-10', 'YYYY-MM-DD'), 27, 11, 3);
INSERT INTO RESERVA VALUES(52, 85.64, TO_DATE('2023-04-10', 'YYYY-MM-DD'), 21, 13, 1);
INSERT INTO RESERVA VALUES(53, 96.71, TO_DATE('2023-04-10', 'YYYY-MM-DD'), 1, 8, 1);
INSERT INTO RESERVA VALUES(54, 59.35, TO_DATE('2023-04-10', 'YYYY-MM-DD'), 12, 3, 3);
INSERT INTO RESERVA VALUES(55, 60.88, TO_DATE('2023-04-11', 'YYYY-MM-DD'), 8, 14, 1);
INSERT INTO RESERVA VALUES(56, 77.62, TO_DATE('2023-04-11', 'YYYY-MM-DD'), 11, 13, 2);
INSERT INTO RESERVA VALUES(57, 93.94, TO_DATE('2023-04-11', 'YYYY-MM-DD'), 7, 10, 2);
INSERT INTO RESERVA VALUES(58, 89.57, TO_DATE('2023-04-11', 'YYYY-MM-DD'), 24, 1, 3);
INSERT INTO RESERVA VALUES(59, 94.49, TO_DATE('2023-04-11', 'YYYY-MM-DD'), 6, 6, 3);
INSERT INTO RESERVA VALUES(60, 76.98, TO_DATE('2023-04-12', 'YYYY-MM-DD'), 10, 24, 1);
INSERT INTO RESERVA VALUES(61, 88.91, TO_DATE('2023-04-12', 'YYYY-MM-DD'), 7, 3, 1);
INSERT INTO RESERVA VALUES(62, 66.88, TO_DATE('2023-04-12', 'YYYY-MM-DD'), 2, 10, 1);
INSERT INTO RESERVA VALUES(63, 78.32, TO_DATE('2023-04-12', 'YYYY-MM-DD'), 6, 11, 3);
INSERT INTO RESERVA VALUES(64, 70.47, TO_DATE('2023-04-12', 'YYYY-MM-DD'), 16, 2, 2);
INSERT INTO RESERVA VALUES(65, 81.14, TO_DATE('2023-04-12', 'YYYY-MM-DD'), 4, 7, 2);
INSERT INTO RESERVA VALUES(66, 50.56, TO_DATE('2023-04-12', 'YYYY-MM-DD'), 24, 4, 1);
INSERT INTO RESERVA VALUES(67, 72.43, TO_DATE('2023-04-12', 'YYYY-MM-DD'), 9, 25, 2);
INSERT INTO RESERVA VALUES(68, 87.16, TO_DATE('2023-04-12', 'YYYY-MM-DD'), 8, 1, 3);
INSERT INTO RESERVA VALUES(69, 96.43, TO_DATE('2023-04-12', 'YYYY-MM-DD'), 17, 16, 3);
INSERT INTO RESERVA VALUES(70, 91.62, TO_DATE('2023-04-13', 'YYYY-MM-DD'), 23, 10, 3);
INSERT INTO RESERVA VALUES(71, 80.37, TO_DATE('2023-04-13', 'YYYY-MM-DD'), 25, 23, 2);
INSERT INTO RESERVA VALUES(72, 67.11, TO_DATE('2023-04-13', 'YYYY-MM-DD'), 22, 13, 2);
INSERT INTO RESERVA VALUES(73, 99.42, TO_DATE('2023-04-13', 'YYYY-MM-DD'), 30, 12, 2);
INSERT INTO RESERVA VALUES(74, 53.87, TO_DATE('2023-04-13', 'YYYY-MM-DD'), 18, 16, 1);
INSERT INTO RESERVA VALUES(75, 87.96, TO_DATE('2023-04-13', 'YYYY-MM-DD'), 1, 5, 2);
INSERT INTO RESERVA VALUES(76, 64.14, TO_DATE('2023-04-14', 'YYYY-MM-DD'), 15, 3, 1);
INSERT INTO RESERVA VALUES(77, 78.76, TO_DATE('2023-04-14', 'YYYY-MM-DD'), 7, 21, 3);
INSERT INTO RESERVA VALUES(78, 95.23, TO_DATE('2023-04-14', 'YYYY-MM-DD'), 14, 20, 2);
INSERT INTO RESERVA VALUES(79, 66.55, TO_DATE('2023-04-14', 'YYYY-MM-DD'), 9, 7, 2);
INSERT INTO RESERVA VALUES(80, 73.67, TO_DATE('2023-04-14', 'YYYY-MM-DD'), 26, 23, 3);
INSERT INTO RESERVA VALUES(81, 84.21, TO_DATE('2023-04-14', 'YYYY-MM-DD'), 2, 2, 1);
INSERT INTO RESERVA VALUES(82, 55.32, TO_DATE('2023-04-14', 'YYYY-MM-DD'), 25, 5, 2);
INSERT INTO RESERVA VALUES(83, 56.89, TO_DATE('2023-04-15', 'YYYY-MM-DD'), 3, 13, 1);
INSERT INTO RESERVA VALUES(84, 88.34, TO_DATE('2023-04-15', 'YYYY-MM-DD'), 24, 25, 3);
INSERT INTO RESERVA VALUES(85, 68.91, TO_DATE('2023-04-15', 'YYYY-MM-DD'), 7, 17, 1);
INSERT INTO RESERVA VALUES(86, 60.44, TO_DATE('2023-04-15', 'YYYY-MM-DD'), 12, 23, 3);
INSERT INTO RESERVA VALUES(87, 98.27, TO_DATE('2023-04-15', 'YYYY-MM-DD'), 21, 19, 2);
INSERT INTO RESERVA VALUES(88, 83.67, TO_DATE('2023-04-15', 'YYYY-MM-DD'), 30, 17, 1);
INSERT INTO RESERVA VALUES(89, 66.13, TO_DATE('2023-04-16', 'YYYY-MM-DD'), 19, 2, 3);
INSERT INTO RESERVA VALUES(90, 54.48, TO_DATE('2023-04-16', 'YYYY-MM-DD'), 1, 3, 1);
INSERT INTO RESERVA VALUES(91, 92.39, TO_DATE('2023-04-16', 'YYYY-MM-DD'), 13, 12, 2);
INSERT INTO RESERVA VALUES(92, 80.84, TO_DATE('2023-04-16', 'YYYY-MM-DD'), 16, 15, 2);
INSERT INTO RESERVA VALUES(93, 69.12, TO_DATE('2023-04-16', 'YYYY-MM-DD'), 17, 4, 2);
INSERT INTO RESERVA VALUES(94, 99.56, TO_DATE('2023-04-16', 'YYYY-MM-DD'), 24, 21, 1);
INSERT INTO RESERVA VALUES(95, 63.22, TO_DATE('2023-04-16', 'YYYY-MM-DD'), 21, 19, 2);
INSERT INTO RESERVA VALUES(96, 50.76, TO_DATE('2023-04-16', 'YYYY-MM-DD'), 4, 20, 3);
INSERT INTO RESERVA VALUES(97, 88.91, TO_DATE('2023-04-17', 'YYYY-MM-DD'), 3, 23, 3);
INSERT INTO RESERVA VALUES(98, 75.49, TO_DATE('2023-04-17', 'YYYY-MM-DD'), 2, 17, 2);
INSERT INTO RESERVA VALUES(99, 56.68, TO_DATE('2023-04-17', 'YYYY-MM-DD'), 15, 13, 1);
INSERT INTO RESERVA VALUES(100, 68.34, TO_DATE('2023-04-17', 'YYYY-MM-DD'), 22, 18, 2);
INSERT INTO RESERVA VALUES(101, 70.15, TO_DATE('2023-04-18', 'YYYY-MM-DD'), 26, 23, 1);
INSERT INTO RESERVA VALUES(102, 95.42, TO_DATE('2023-04-18', 'YYYY-MM-DD'), 12, 9, 3);
INSERT INTO RESERVA VALUES(103, 50.23, TO_DATE('2023-04-18', 'YYYY-MM-DD'), 14, 7, 2);
INSERT INTO RESERVA VALUES(104, 69.78, TO_DATE('2023-04-18', 'YYYY-MM-DD'), 20, 5, 1);
INSERT INTO RESERVA VALUES(105, 84.56, TO_DATE('2023-04-19', 'YYYY-MM-DD'), 18, 13, 3);
INSERT INTO RESERVA VALUES(106, 54.95, TO_DATE('2023-04-19', 'YYYY-MM-DD'), 6, 17, 1);
INSERT INTO RESERVA VALUES(107, 72.88, TO_DATE('2023-04-19', 'YYYY-MM-DD'), 27, 14, 1);
INSERT INTO RESERVA VALUES(108, 67.39, TO_DATE('2023-04-19', 'YYYY-MM-DD'), 22, 3, 2);
INSERT INTO RESERVA VALUES(109, 95.67, TO_DATE('2023-04-19', 'YYYY-MM-DD'), 12, 16, 3);
INSERT INTO RESERVA VALUES(110, 60.11, TO_DATE('2023-04-19', 'YYYY-MM-DD'), 10, 24, 2);
INSERT INTO RESERVA VALUES(111, 88.54, TO_DATE('2023-04-19', 'YYYY-MM-DD'), 23, 22, 1);
INSERT INTO RESERVA VALUES(112, 61.77, TO_DATE('2023-04-20', 'YYYY-MM-DD'), 4, 21, 3);
INSERT INTO RESERVA VALUES(113, 95.99, TO_DATE('2023-04-20', 'YYYY-MM-DD'), 5, 18, 1);
INSERT INTO RESERVA VALUES(114, 73.88, TO_DATE('2023-04-20', 'YYYY-MM-DD'), 26, 9, 1);
INSERT INTO RESERVA VALUES(115, 68.15, TO_DATE('2023-04-20', 'YYYY-MM-DD'), 14, 20, 2);
INSERT INTO RESERVA VALUES(116, 50.44, TO_DATE('2023-04-20', 'YYYY-MM-DD'), 19, 11, 1);
INSERT INTO RESERVA VALUES(117, 83.91, TO_DATE('2023-04-21', 'YYYY-MM-DD'), 7, 14, 2);
INSERT INTO RESERVA VALUES(118, 76.95, TO_DATE('2023-04-21', 'YYYY-MM-DD'), 16, 13, 2);
INSERT INTO RESERVA VALUES(119, 65.11, TO_DATE('2023-04-21', 'YYYY-MM-DD'), 12, 22, 1);
INSERT INTO RESERVA VALUES(120, 88.71, TO_DATE('2023-04-21', 'YYYY-MM-DD'), 30, 8, 3);
INSERT INTO RESERVA VALUES(121, 54.76, TO_DATE('2023-04-21', 'YYYY-MM-DD'), 11, 10, 2);
INSERT INTO RESERVA VALUES(122, 63.43, TO_DATE('2023-04-21', 'YYYY-MM-DD'), 22, 1, 2);
INSERT INTO RESERVA VALUES(123, 89.87, TO_DATE('2023-04-21', 'YYYY-MM-DD'), 24, 8, 1);
INSERT INTO RESERVA VALUES(124, 72.53, TO_DATE('2023-04-22', 'YYYY-MM-DD'), 18, 17, 2);
INSERT INTO RESERVA VALUES(125, 98.45, TO_DATE('2023-04-22', 'YYYY-MM-DD'), 14, 3, 1);
INSERT INTO RESERVA VALUES(126, 60.76, TO_DATE('2023-04-22', 'YYYY-MM-DD'), 26, 19, 3);
INSERT INTO RESERVA VALUES(127, 64.27, TO_DATE('2023-04-22', 'YYYY-MM-DD'), 30, 11, 2);
INSERT INTO RESERVA VALUES(128, 85.66, TO_DATE('2023-04-22', 'YYYY-MM-DD'), 7, 21, 2);
INSERT INTO RESERVA VALUES(129, 55.77, TO_DATE('2023-04-22', 'YYYY-MM-DD'), 12, 8, 3);
INSERT INTO RESERVA VALUES(130, 95.44, TO_DATE('2023-04-22', 'YYYY-MM-DD'), 16, 2, 3);
INSERT INTO RESERVA VALUES(131, 89.73, TO_DATE('2023-04-22', 'YYYY-MM-DD'), 1, 9, 2);
INSERT INTO RESERVA VALUES(132, 72.91, TO_DATE('2023-04-23', 'YYYY-MM-DD'), 7, 25, 1);
INSERT INTO RESERVA VALUES(133, 60.12, TO_DATE('2023-04-23', 'YYYY-MM-DD'), 14, 21, 1);
INSERT INTO RESERVA VALUES(134, 83.68, TO_DATE('2023-04-23', 'YYYY-MM-DD'), 16, 17, 2);
INSERT INTO RESERVA VALUES(135, 71.11, TO_DATE('2023-04-23', 'YYYY-MM-DD'), 24, 11, 2);
INSERT INTO RESERVA VALUES(136, 54.79, TO_DATE('2023-04-23', 'YYYY-MM-DD'), 12, 3, 1);
INSERT INTO RESERVA VALUES(137, 99.14, TO_DATE('2023-04-23', 'YYYY-MM-DD'), 30, 20, 3);
INSERT INTO RESERVA VALUES(138, 65.11, TO_DATE('2023-04-23', 'YYYY-MM-DD'), 6, 6, 1);
INSERT INTO RESERVA VALUES(139, 76.92, TO_DATE('2023-04-24', 'YYYY-MM-DD'), 10, 7, 2);
INSERT INTO RESERVA VALUES(140, 95.11, TO_DATE('2023-04-24', 'YYYY-MM-DD'), 22, 5, 1);
INSERT INTO RESERVA VALUES(141, 88.42, TO_DATE('2023-04-24', 'YYYY-MM-DD'), 7, 21, 3);
INSERT INTO RESERVA VALUES(142, 81.13, TO_DATE('2023-04-24', 'YYYY-MM-DD'), 19, 11, 3);
INSERT INTO RESERVA VALUES(143, 69.91, TO_DATE('2023-04-24', 'YYYY-MM-DD'), 30, 16, 2);
INSERT INTO RESERVA VALUES(144, 56.76, TO_DATE('2023-04-24', 'YYYY-MM-DD'), 8, 13, 2);
INSERT INTO RESERVA VALUES(145, 63.55, TO_DATE('2023-04-24', 'YYYY-MM-DD'), 17, 7, 1);
INSERT INTO RESERVA VALUES(146, 90.94, TO_DATE('2023-04-24', 'YYYY-MM-DD'), 26, 18, 2);
INSERT INTO RESERVA VALUES(147, 72.31, TO_DATE('2023-04-25', 'YYYY-MM-DD'), 24, 16, 2);
INSERT INTO RESERVA VALUES(148, 59.47, TO_DATE('2023-04-25', 'YYYY-MM-DD'), 19, 14, 3);
INSERT INTO RESERVA VALUES(149, 55.69, TO_DATE('2023-04-25', 'YYYY-MM-DD'), 11, 25, 3);
INSERT INTO RESERVA VALUES(150, 78.32, TO_DATE('2023-04-25', 'YYYY-MM-DD'), 1, 12, 3);


INSERT INTO EXTRA VALUES(8,1,1);
INSERT INTO EXTRA VALUES(5,1,2);
INSERT INTO EXTRA VALUES(8,4,2);
INSERT INTO EXTRA VALUES(2,5,2);
INSERT INTO EXTRA VALUES(6,6,1);
INSERT INTO EXTRA VALUES(3,8,1);
INSERT INTO EXTRA VALUES(4,9,1);
INSERT INTO EXTRA VALUES(2,9,2);
INSERT INTO EXTRA VALUES(7,10,1);
INSERT INTO EXTRA VALUES(9,10,1);
INSERT INTO EXTRA VALUES(4,14,1);
INSERT INTO EXTRA VALUES(1,14,1);
INSERT INTO EXTRA VALUES(10,15,1);
INSERT INTO EXTRA VALUES(5,16,1);
INSERT INTO EXTRA VALUES(8,17,3);
INSERT INTO EXTRA VALUES(9,17,1);
INSERT INTO EXTRA VALUES(10,18,2);
INSERT INTO EXTRA VALUES(8,19,1);
INSERT INTO EXTRA VALUES(7,20,1);
INSERT INTO EXTRA VALUES(4,23,1);
INSERT INTO EXTRA VALUES(3,24,1);
INSERT INTO EXTRA VALUES(3,26,2);
INSERT INTO EXTRA VALUES(3,28,1);
INSERT INTO EXTRA VALUES(5,31,2);
INSERT INTO EXTRA VALUES(10,31,1);
INSERT INTO EXTRA VALUES(4,33,3);
INSERT INTO EXTRA VALUES(1,34,3);
INSERT INTO EXTRA VALUES(10,36,2);
INSERT INTO EXTRA VALUES(9,36,1);
INSERT INTO EXTRA VALUES(3,36,1);
INSERT INTO EXTRA VALUES(4,37,1);
INSERT INTO EXTRA VALUES(1,38,2);
INSERT INTO EXTRA VALUES(7,39,2);
INSERT INTO EXTRA VALUES(9,40,2);
INSERT INTO EXTRA VALUES(8,42,2);
INSERT INTO EXTRA VALUES(5,43,1);
INSERT INTO EXTRA VALUES(3,43,2);
INSERT INTO EXTRA VALUES(7,44,1);
INSERT INTO EXTRA VALUES(4,44,1);
INSERT INTO EXTRA VALUES(3,44,1);
INSERT INTO EXTRA VALUES(6,45,1);
INSERT INTO EXTRA VALUES(2,46,1);
INSERT INTO EXTRA VALUES(5,46,2);
INSERT INTO EXTRA VALUES(6,47,1);
INSERT INTO EXTRA VALUES(6,48,1);
INSERT INTO EXTRA VALUES(3,49,1);
INSERT INTO EXTRA VALUES(1,49,2);
INSERT INTO EXTRA VALUES(5,49,2);
INSERT INTO EXTRA VALUES(2,49,2);
INSERT INTO EXTRA VALUES(8,50,1);
INSERT INTO EXTRA VALUES(6,51,2);
INSERT INTO EXTRA VALUES(4,51,1);
INSERT INTO EXTRA VALUES(8,51,1);
INSERT INTO EXTRA VALUES(2,52,1);
INSERT INTO EXTRA VALUES(3,54,2);
INSERT INTO EXTRA VALUES(9,54,1);
INSERT INTO EXTRA VALUES(10,56,3);
INSERT INTO EXTRA VALUES(5,57,1);
INSERT INTO EXTRA VALUES(4,57,1);
INSERT INTO EXTRA VALUES(3,57,1);
INSERT INTO EXTRA VALUES(7,59,1);
INSERT INTO EXTRA VALUES(3,59,1);
INSERT INTO EXTRA VALUES(10,59,1);
INSERT INTO EXTRA VALUES(6,60,1);
INSERT INTO EXTRA VALUES(2,62,1);
INSERT INTO EXTRA VALUES(8,63,2);
INSERT INTO EXTRA VALUES(4,64,2);
INSERT INTO EXTRA VALUES(6,65,1);
INSERT INTO EXTRA VALUES(4,66,1);
INSERT INTO EXTRA VALUES(7,70,2);
INSERT INTO EXTRA VALUES(8,71,1);
INSERT INTO EXTRA VALUES(2,72,2);
INSERT INTO EXTRA VALUES(2,73,2);
INSERT INTO EXTRA VALUES(6,73,1);
INSERT INTO EXTRA VALUES(3,74,1);
INSERT INTO EXTRA VALUES(4,75,2);
INSERT INTO EXTRA VALUES(1,75,1);
INSERT INTO EXTRA VALUES(5,76,1);
INSERT INTO EXTRA VALUES(6,81,1);
INSERT INTO EXTRA VALUES(9,81,1);
INSERT INTO EXTRA VALUES(4,82,2);
INSERT INTO EXTRA VALUES(1,82,1);
INSERT INTO EXTRA VALUES(6,82,1);
INSERT INTO EXTRA VALUES(3,85,1);
INSERT INTO EXTRA VALUES(9,85,1);
INSERT INTO EXTRA VALUES(10,85,2);
INSERT INTO EXTRA VALUES(5,86,1);
INSERT INTO EXTRA VALUES(5,87,1);
INSERT INTO EXTRA VALUES(7,89,1);
INSERT INTO EXTRA VALUES(4,89,2);
INSERT INTO EXTRA VALUES(5,89,1);
INSERT INTO EXTRA VALUES(2,91,2);
INSERT INTO EXTRA VALUES(1,92,2);
INSERT INTO EXTRA VALUES(10,93,1);
INSERT INTO EXTRA VALUES(9,95,2);
INSERT INTO EXTRA VALUES(8,97,1);
INSERT INTO EXTRA VALUES(1,97,1);
INSERT INTO EXTRA VALUES(9,98,1);
INSERT INTO EXTRA VALUES(10,98,1);
INSERT INTO EXTRA VALUES(2,99,1);
INSERT INTO EXTRA VALUES(4,99,1);
INSERT INTO EXTRA VALUES(10,99,1);
INSERT INTO EXTRA VALUES(9,100,1);
INSERT INTO EXTRA VALUES(2,101,2);
INSERT INTO EXTRA VALUES(9,101,1);
INSERT INTO EXTRA VALUES(10,101,3);
INSERT INTO EXTRA VALUES(4,101,3);
INSERT INTO EXTRA VALUES(10,103,1);
INSERT INTO EXTRA VALUES(2,104,1);
INSERT INTO EXTRA VALUES(7,104,1);
INSERT INTO EXTRA VALUES(1,104,1);
INSERT INTO EXTRA VALUES(8,104,2);
INSERT INTO EXTRA VALUES(3,104,1);
INSERT INTO EXTRA VALUES(1,105,2);
INSERT INTO EXTRA VALUES(9,105,2);
INSERT INTO EXTRA VALUES(1,106,1);
INSERT INTO EXTRA VALUES(6,107,1);
INSERT INTO EXTRA VALUES(7,107,1);
INSERT INTO EXTRA VALUES(8,108,2);
INSERT INTO EXTRA VALUES(4,108,2);
INSERT INTO EXTRA VALUES(5,109,1);
INSERT INTO EXTRA VALUES(2,110,1);
INSERT INTO EXTRA VALUES(10,110,2);
INSERT INTO EXTRA VALUES(2,111,2);
INSERT INTO EXTRA VALUES(2,114,3);
INSERT INTO EXTRA VALUES(5,114,1);
INSERT INTO EXTRA VALUES(10,114,1);
INSERT INTO EXTRA VALUES(9,115,3);
INSERT INTO EXTRA VALUES(6,116,3);
INSERT INTO EXTRA VALUES(3,119,2);
INSERT INTO EXTRA VALUES(1,119,3);
INSERT INTO EXTRA VALUES(5,120,1);
INSERT INTO EXTRA VALUES(4,120,1);
INSERT INTO EXTRA VALUES(3,120,2);
INSERT INTO EXTRA VALUES(9,122,2);
INSERT INTO EXTRA VALUES(6,124,2);
INSERT INTO EXTRA VALUES(7,124,2);
INSERT INTO EXTRA VALUES(5,124,2);
INSERT INTO EXTRA VALUES(3,124,1);
INSERT INTO EXTRA VALUES(4,126,3);
INSERT INTO EXTRA VALUES(10,126,2);
INSERT INTO EXTRA VALUES(3,126,1);
INSERT INTO EXTRA VALUES(4,127,1);
INSERT INTO EXTRA VALUES(1,128,2);
INSERT INTO EXTRA VALUES(5,129,2);
INSERT INTO EXTRA VALUES(6,129,1);
INSERT INTO EXTRA VALUES(8,129,2);
INSERT INTO EXTRA VALUES(10,129,1);
INSERT INTO EXTRA VALUES(9,130,2);
INSERT INTO EXTRA VALUES(6,130,2);
INSERT INTO EXTRA VALUES(1,130,1);
INSERT INTO EXTRA VALUES(5,130,1);
INSERT INTO EXTRA VALUES(6,131,2);
INSERT INTO EXTRA VALUES(1,132,1);
INSERT INTO EXTRA VALUES(9,133,2);
INSERT INTO EXTRA VALUES(6,138,1);
INSERT INTO EXTRA VALUES(10,139,2);
INSERT INTO EXTRA VALUES(1,139,1);
INSERT INTO EXTRA VALUES(6,140,1);
INSERT INTO EXTRA VALUES(4,141,3);
INSERT INTO EXTRA VALUES(9,142,1);
INSERT INTO EXTRA VALUES(3,142,2);
INSERT INTO EXTRA VALUES(10,143,1);
INSERT INTO EXTRA VALUES(2,143,1);
INSERT INTO EXTRA VALUES(1,143,2);
INSERT INTO EXTRA VALUES(4,143,2);
INSERT INTO EXTRA VALUES(9,143,1);
INSERT INTO EXTRA VALUES(3,144,1);
INSERT INTO EXTRA VALUES(4,145,2);
INSERT INTO EXTRA VALUES(3,146,2);
INSERT INTO EXTRA VALUES(10,146,1);
INSERT INTO EXTRA VALUES(9,149,3);
INSERT INTO EXTRA VALUES(8,149,2);
INSERT INTO EXTRA VALUES(6,150,2);


// SCRIPT PARA HACER DROP A LAS TABLAS
DROP TABLE EXTRA CASCADE CONSTRAINTS;
DROP TABLE SERVICIO CASCADE CONSTRAINTS;
DROP TABLE RESERVA CASCADE CONSTRAINTS;
DROP TABLE CLASE CASCADE CONSTRAINTS;
DROP TABLE VIAJE CASCADE CONSTRAINTS;
DROP TABLE ESTACION CASCADE CONSTRAINTS;
DROP TABLE PASAJERO CASCADE CONSTRAINTS;
DROP TABLE PAIS CASCADE CONSTRAINTS;
DROP TABLE TREN CASCADE CONSTRAINTS;


UPDATE CLASE
SET clase = 'Economica'
WHERE clase = 'Económica';


